Компания;Страна;Город;Тип;Релевантность;Сайт;Email;Телефон;Дов.
Hanwha Power (Power Systems Mfg. / PSM);США;Jupiter, FL;завод + инжиниринг, камера сгорания / лопатки / покрытия;"Проектирует и производит аftermarket-компоненты горячей части для GE 7EA, 7FA, 9E, 9FA/9F, 6B, 6FA и Siemens/MHI 501F: жаровые трубы, transition piece, форсунки, крышки камер сгорания, crossfire tubes, сопловые аппараты 1-3 ступеней и рабочие лопатки, шрауды; ретрофиты FlameSheet и GTOP.";https://www.psm.com/;не найдено;+1 561 354 1100;high
Thomassen Energy (Hanwha Power);Нидерланды;Rheden;независимый сервис MRO + завод, камера сгорания / лопатки;"Полный портфель капитальных деталей горячей части для GE Frame 9E, 9FA, 6B, 6FA, Frame 5: сопловые аппараты 1-3 ст., рабочие лопатки, жаровые трубы, transition piece, топливные форсунки; ретрофиты камеры сгорания HyFlex LEC-III (в т.ч. водородные).";https://thomassen.energy/;info@thomassen.psm.com;+31 26 497 5800;high
Hanwha Power Turbine Group Middle East (PTG);ОАЭ;Абу-Даби;независимый сервис MRO, ремонт деталей горячей части;"Региональный ремонтный цех PSM/Hanwha по компонентам горячей части GE Frame 9E, 9FA, 7EA, 7FA и Siemens F-class: жаровые трубы, transition piece, сопловые аппараты, лопатки; обслуживает Ближний Восток и Северную Африку.";https://www.psm.com/;sales@ptg.psm.com;+971 2 411 6700;high
EthosEnergy (Western Hemisphere);США;Хьюстон, TX;независимый сервис MRO, лопатки / камера сгорания / покрытия;"Крупнейший независимый провайдер по тяжёлым ГТУ: инспекции, капремонт и поставка ЗИП для GE Frame 6B, 7EA, 9E, 9FA, Siemens V94.2/SGT5-2000E, Westinghouse; ковши 1-3 ст., сопловые аппараты, шрауды, transition piece, лайнеры, форсунки.";https://ethosenergy.com/;не найдено;+1 713 849 8800;med
EthosEnergy (Eastern Hemisphere);Великобритания;Абердин;независимый сервис MRO, лопатки / камера сгорания;"Площадки в Турине (9E/9FA), Оберхаузене (V94.2/V94.3) и ОАЭ; ремонт и реверс-инжиниринг деталей горячей части GE Frame 9E/9FA, Siemens V94.2/V94.3, SGT5-4000F, Alstom GT13E2.";https://ethosenergy.com/;не найдено;+44 1224 367200;med
Sulzer Turbo Services Venlo B.V.;Нидерланды;Lomm (Venlo);независимый сервис MRO + производство, лопатки / покрытия / камера сгорания;"Изготовление и ремонт эквивалентных OEM лопаток и сопловых аппаратов для GE MS6001FA, MS7001FA, MS9001E (9E), Siemens V84.2/V94.2 (SGT5-2000E), V64.3A, Ansaldo AE64.3A, Alstom GT13E2 MXL; жаровые трубы, hot-gas casings, TBC/MCrAlY и диффузионные покрытия, абрадабл.";https://www.sulzer.com/;sulzertsvenlo@sulzer.com;+31 77 473 86 66;high
Mechanical Dynamics & Analysis (MD&A);США;Latham, NY;независимый сервис MRO + завод ЗИП, лопатки / камера сгорания;"OEM-альтернатива по тяжёлым рамам: ремонт и изготовление компонентов камеры сгорания и горячего тракта для GE Frame 7EA, 6FA, 7FA, 9FA, 9E и Siemens V84/V94 (V94.2); сопловые аппараты, ковши, жаровые трубы, transition piece, уплотнения, packing rings.";https://www.mdaturbines.com/;info@mdaturbines.com;+1 518 399 3616;high
Chromalloy;США;Palm Beach Gardens, FL;покрытия + ремонт лопаток, покрытия / лопатки;Ведущий независимый поставщик покрытий и ремонтов деталей горячей секции для промышленных ГТУ: диффузионные алюминидные и платино-алюминидные покрытия, MCrAlY overlay, керамические TBC (APS и EB-PVD) для лопаток, сопловых аппаратов и жаровых труб.;https://www.chromalloy.com/;не найдено;+1 561 935 3571;med
Allied Power Group;США;Хьюстон, TX;независимый сервис MRO, лопатки / камера сгорания / покрытия;Полнообъёмный MRO для Siemens V84.2/V94.2, V94.3, GE Frame 9E, 9F/9FA, 7FA: восстановление горячего тракта, ремонт роторов, сварочная наплавка, нанесение покрытий на лопатки, ремонт камер сгорания и форсунок.;https://alliedpg.com/;sales@alliedpg.com;+1 281 444 3535;high
Liburdi Turbine Services;Канада;Dundas, Ontario;независимый сервис MRO, лопатки / покрытия / камера сгорания;"Ремонт и омоложение (FSR, LPM пайка) лопаток, сопловых аппаратов и жаровых труб для ГТУ GE, Siemens, Mitsubishi, Alstom; защитные покрытия горячей секции, прецизионная сварка суперсплавов.";https://www.liburditurbineservices.com/;не найдено;+1 905 689 0734;med
Advanced Turbine Support;США;Gainesville, FL;независимый сервис (инспекции), камера сгорания / лопатки;Не-OEM провайдер бороскопических и вихретоковых инспекций горячего тракта ГТУ GE, Westinghouse и ABB тяжёлых рам (7EA, 7FA, 9E, 9FA, V84/V94): инспекция камеры сгорания, transition piece, сопловых аппаратов и лопаток.;https://advancedturbinesupport.com/;contact@advancedturbinesupport.com;+1 352 332 4061;high
Lincotek Surface Solutions (Turbocoating S.p.A.);Италия;Rubbiano di Solignano (Parma);покрытия, покрытия / лопатки / материалы;"Линия покрытий для лопаток и сопловых аппаратов тяжёлых ГТУ: MCrAlY методом VPS/LPPS/HVOF, керамические YSZ TBC методом APS, диффузионные алюминидные покрытия; детали горячего тракта F- и E-класса (7FA/9FA, V94.3, GT26).";https://www.lincotek.com/;sales.surfacesolutions.EMEA@lincotek.com;не найдено;high
Doncasters Precision Castings;Великобритания;Deritend / Derby;литейка, лопатки / материалы;"Точное литьё лопаток и сопловых сегментов из никелевых и кобальтовых суперсплавов для промышленных ГТУ: equiaxed, направленная кристаллизация и монокристалл; лопатки до 860 мм — типоразмер деталей 9E/9FA/V94.3/GT13E2.";https://www.doncasters.com/;не найдено;+44 115 663 0139;med
ProEnergy;США;Sedalia, MO;независимый сервис MRO + трейдер, горячая секция / камера сгорания;"Независимое депо и склад ЗИП: горячие секции, топливные форсунки, расходные комплекты; сильная позиция по GE Frame 7EA и авиапроизводным LM2500/LM6000.";https://www.proenergyservices.com/;не найдено;+1 660 829 5100;med
Doosan Turbomachinery Services (DTS);США;La Porte, TX;независимый сервис MRO, лопатки / покрытия;Сервисное подразделение Doosan в США: ремонт компонентов газовых турбин, капремонт роторов, термическое и воздушно-плазменное нанесение покрытий на детали горячего тракта тяжёлых ГТУ (GE 7EA/7FA, Siemens/Westinghouse 501F).;https://www.doosanturbo.com/;не найдено;+1 713 364 7500;med
Doosan Enerbility;Республика Корея;Чханвон;завод + литейка + покрытия, лопатки / камера сгорания;"Локально освоил горячие детали для ГТУ 7F-класса: камеры сгорания, ротор, лопатки и сопловые аппараты; собственный hot parts shop и стенд full-speed full-load.";https://www.doosanenerbility.com/;не найдено;не найдено;med
Gas Turbine Parts & Services, Inc. (GTPS);США;не найдено;трейдер ЗИП, камера сгорания / лопатки;Поставщик OEM и не-OEM запчастей для GE MS5001, MS5002, MS6001, MS7001 и MS9001 (Frame 9E) — детали камеры сгорания и горячего тракта.;https://www.gtps-inc.com/;sales@gtps-inc.com;не найдено;low
Consolidated Turbine Services (CTS);ОАЭ;Дубай;трейдер + независимый сервис, камера сгорания / лопатки;"С 1986 г. поставка и ремонт деталей горячей и холодной секции для GE Frame 5, 6 и 9 (9E): сопловые аппараты, transition piece, жаровые трубы, лопатки; склады и мастерские в Дубае, покрытие GCC.";https://www.ctscompany.com/;dubai@ctscompany.com;+971 4 347 2211;high
Consolidated Turbine Services (CTS) Abu Dhabi;ОАЭ;Абу-Даби;трейдер + независимый сервис, камера сгорания / лопатки;Офис CTS в Абу-Даби: поставка и восстановление деталей горячего тракта GE Frame 5/6B/9E — сопловые аппараты, ковши, жаровые трубы, transition piece.;https://www.ctscompany.com/;abudhabi@ctscompany.com;+971 2 676 7446;high
Unisys Group;ОАЭ;Аджман;трейдер + рефурбишмент, камера сгорания / лопатки / покрытия;"Поставка и восстановление деталей тяжёлых ГТУ GE Frame 5, 6, 7, 9 (в т.ч. 9E), Siemens и Alstom: лопатки, сопловые аппараты, жаровые трубы, transition piece, топливные форсунки, cap & liner, crossfire tubes, уплотнения; собственные литьё, покрытия, сварка, механообработка; регион MENA включая Египет.";https://unisysgroup.ae/;sales@unisysgroup.ae;+971 6 881 4801;high
DeveEnergy FZCO;ОАЭ;Дубай;независимый сервис MRO + трейдер, горячая часть;"Независимая сервисная компания по ГТУ: полевой сервис, управление инспекциями, поставка ЗИП и б/у турбин; заявлена специализация по F-класс и 9E-серии (Frame 9E, 9FA), включая инспекции горячего тракта.";https://www.deveenergy.com/;не найдено;не найдено;med
KTS (Khudariah Turbine Services);Саудовская Аравия;Аль-Хобар / Даммам;независимый сервис MRO, лопатки / камера сгорания;"Инспекция горячего и холодного тракта, ремонт и замена роторов, лопаток, сопловых аппаратов и деталей камеры сгорания для ГТУ GE, Westinghouse, MHI и FiatAvio; собственная мастерская в Даммаме.";https://www.ktsco.com.sa/;info@ktsco.com.sa;+966 13 882 5067;med
Control Systems Co. Ltd. (CSC);Саудовская Аравия;Эр-Рияд;независимый сервис MRO, ремонт деталей горячего тракта;"Independent Service Provider для вращающегося оборудования; услуга Hot Gas Path Components Repair для тяжёлых промышленных ГТУ с партнёрскими площадками в Великобритании и ОАЭ.";https://www.csksa.com.sa/;не найдено;+966 11 206 5010;med
Tugran Enerji San. ve Tic. A.S.;Турция;Стамбул (Kartal);независимый сервис MRO, камера сгорания / лопатки;С 2022 г. сервис ГТУ на ПГУ-электростанциях Турции: разборка/сборка ротора, обслуживание горячего тракта и камер сгорания с заменой керамики и форсунок.;https://www.tugranenerji.com/;info@tugranmotor.com.tr;+90 216 451 30 31;med
MAPNA Turbine Blade Eng. & Mfg. Co. (PARTO);Иран;Карадж;завод + литейка + покрытия, лопатки / покрытия;"Производитель лопаток и сопловых аппаратов ГТУ: лицензия Siemens на компоненты V94.2 (ГТЭ-160-класс), затем реверс-инжиниринг GE Frame 9 (9E); собственные литейный, механический и покрывочный цеха (TBC/диффузионные).";https://www.mapnablade.com/;не найдено;+98 26 3619 2000;high
MAPNA Turbine Eng. & Mfg. Co. (TUGA);Иран;Карадж / Тегеран;завод + независимый сервис, лопатки / камера сгорания;"Производство и сервис тяжёлых ГТУ V94.2 (около 200 машин в стране) по лицензиям Siemens и Ansaldo, плюс собственная F-класс MGT-75; изготовление и ремонт камер сгорания, жаровых труб, сопловых аппаратов, рабочих лопаток.";https://www.mapnaturbine.com/;не найдено;не найдено;med
Paya Mavad Technology Co.;Иран;Исфахан;завод + ремонт, лопатки / камера сгорания / материалы;Изготовление и восстановление деталей из жаропрочных суперсплавов для ГТУ Siemens V94.2, Alstom GT11N2 и GT13E2, BBC-13D и GE Frame 5: направляющие и рабочие лопатки, жаровые трубы, inner casing, уплотнительные кольца, роторы и валы.;https://payamavad.com/;не найдено;не найдено;med
Kian TurboTec;Иран;не найдено;независимый сервис MRO, камера сгорания / лопатки;"Капремонт ГТУ: ротор в сборе, камеры сгорания, лопатки и компоненты компрессора; конкретные модели тяжёлых ГТУ на сайте не указаны.";https://kianturbotec.com/;info@kianturbotec.com;не найдено;low
АО «РОТЕК»;Россия;Москва / Екатеринбург (УТЗ);независимый сервис MRO + покрытия, лопатки / камера сгорания / покрытия;"Первый в России Центр восстановления деталей горячего тракта энергетических ГТУ иностранного производства: полный цикл ремонта рабочих и направляющих лопаток, камер сгорания, нанесение жаростойких и теплозащитных покрытий; парк Siemens/ГТЭ-160 (V94.2) и GE.";https://zaorotec.ru/;info@zaorotec.ru;+7 495 644 34 60;high
ООО «Русь-Турбо»;Россия;Санкт-Петербург;независимый сервис MRO, камера сгорания / лопатки;"Независимая сервисная компания по газовым турбинам иностранного производства: капитальный, средний и текущий ремонт ГТЭ-160 (Siemens V94.2), SGT5-2000E, а также SGT-800, SGT-400 и ГТУ GE; локализация и реверс-инжиниринг деталей горячего тракта.";https://russturbo.ru/;info@russturbo.ru;+7 800 201 90 46;high
ООО «ГЭХ Сервис газовых турбин»;Россия;Санкт-Петербург;независимый сервис MRO, камера сгорания / лопатки;"Сервисная компания Газпром энергохолдинга: главные инспекции и ремонт ГТУ Ansaldo AE64.3A, Siemens SGT5-2000E, SGT5-4000F, SGT-800, Alstom GT26 и ГТЭ-160; восстановительный ремонт узлов и деталей горячего тракта.";https://www.gehia.ru/subsidiaries/turbine-service/;не найдено;не найдено;med
АО «Силовые машины»;Россия;Санкт-Петербург;завод + независимый сервис, лопатки / камера сгорания / материалы;"Изготовитель ГТЭ-160 (лицензионный V94.2) и новых ГТЭ-170 и ГТЭ-65; сервис газовых турбин с изготовлением и поставкой запасных частей горячего тракта — рабочие и направляющие лопатки, детали камеры сгорания, роторы.";https://power-m.ru/;pmservice@power-m.ru;+7 800 250 76 59;high
ПАО «ОДК-Сатурн»;Россия;Рыбинск;завод + сервис, лопатки / камера сгорания / материалы;"Разработчик и серийный производитель российской тяжёлой ГТУ ГТД-110М (110 МВт); полный цикл по горячей части — камера сгорания, сопловые и рабочие лопатки, диски, покрытия.";https://www.uecrus.com/;saturn@uec-saturn.ru;+7 4855 329 000;high
АО «РЭП Холдинг»;Россия;Санкт-Петербург;завод + сервис, лопатки / камера сгорания;"Производитель и сервисный подрядчик промышленных ГТУ; полный цикл услуг по производству, модернизации и ремонту газовых турбин большой мощности; СП с Ansaldo Energia (AE94.3A-класс).";https://www.reph.ru/;reph@reph.ru;+7 812 372 58 81;med
ООО «ТСЗП»;Россия;Москва (Щербинка);покрытия, покрытия / материалы;"Газотермическое напыление и лазерная наплавка защитных покрытий; восстановление и ремонт лопаток газовых турбин, теплозащитные покрытия на детали камер сгорания; парк ГТЭ-160/V94.2 и GE.";https://www.tspc.ru/;info@tspc.ru;+7 495 136 41 41;med
