pp;catalog_no;name;cls;qty;est_cost;target;quote_usd;quote_sup;quote_raw;verdict;sum_target;sum_quote
370;3115901163;Комплект ремон. 3115 9011 63 Epiroc;Комплект уплотнений;10;12.0;14.4;270.97;WMS;270.97 USD;торговаться до цели;144.0;2709.7
371;3115917094;Комплект ремон. 3115 9170 94 Atlas Copco;Комплект уплотнений;10;12.0;14.4;19.6;Sanshan;142.0 CNY;торговаться до цели;144.0;195.96
372;3115153600;Втулка 3115 1536 00 Epiroc;Втулка прочая;5;12.0;14.4;11.73;Sanshan;85.0 CNY;брать по КП;72.0;58.65
373;3115336500;Уплотнение 3115 3365 00 Atlas Copco;Уплотнение/O-ring NBR;50;0.2;0.24;0.28;Sanshan;2.0 CNY;торговаться до цели;12.0;13.8
374;3115376800;Клапан 3115 3768 00 Atlas Copco;Клапан/седло (мелкое);10;1.5;1.8;0.83;Sanshan;6.0 CNY;брать по КП;18.0;8.28
375;3115901184;Комплект уплот. 3115 9011 84 Epiroc;Комплект уплотнений;10;12.0;14.4;99.36;Sanshan;720.0 CNY;торговаться до цели;144.0;993.6
376;3115901218;Комплект уплот. 3115 9012 18 Epiroc;Комплект уплотнений;10;12.0;14.4;4.97;Sanshan;36.0 CNY;брать по КП;144.0;49.68
377;3115305900;Манжета 3115 3059 00 Atlas Copco;Манжета/скребок PU;30;0.8;0.96;5.73;WMS;5.73 USD;торговаться до цели;28.8;171.9
378;3115523400;Втулка поршня 3115 5234 00 Atlas Copco;Втулка поршня (цементуемая);5;18.0;21.6;2.03;WMS;2.03 USD;брать по КП;108.0;10.15
379;3115306000;Пыльник 3115 3060 00 Atlas Copco;Прочее (мелкая механика);10;2.0;2.4;2.69;WMS;2.69 USD;торговаться до цели;24.0;26.9
380;3115233300;Уплотнение 3115 2333 00 Atlas Copco;Уплотнение/O-ring NBR;50;0.2;0.24;0.28;Sanshan;2.0 CNY;торговаться до цели;12.0;13.8
381;3115519000;Кольцо 3115 5190 00 Atlas Copco;Кольцо (резин.);50;0.2;0.24;0.28;Sanshan;2.0 CNY;торговаться до цели;12.0;13.8
382;3115328917;Кольцо 3115 3289 17 Atlas Copco;Кольцо (резин.);50;0.2;0.24;0.36;Sanshan;2.6 CNY;торговаться до цели;12.0;17.94
383;3115305600;Шпилька 3115 3056 00 Epiroc;Метиз/пружина;30;0.8;0.96;88.17;WMS;88.17 USD;торговаться до цели;28.8;2645.1
384;3115305500;Шпилька 3115 3055 00 Atlas Copco;Метиз/пружина;30;0.8;0.96;88.17;WMS;88.17 USD;торговаться до цели;28.8;2645.1
385;3115306400;Втулка 3115 3064 00 Atlas Copco;Втулка прочая;5;12.0;14.4;22.04;WMS;22.04 USD;торговаться до цели;72.0;110.2
386;3115359802;Втулка поршня 3115 3598 02 Atlas Copco;Втулка поршня (цементуемая);5;18.0;21.6;309.68;WMS;309.68 USD;торговаться до цели;108.0;1548.4
387;3115357400;Втулка направляющая 3115 3574 00 Epiroc;Втулка направляющая/букса;5;20.0;24.0;309.68;WMS;309.68 USD;торговаться до цели;120.0;1548.4
388;3115203100;Муфта 3115 2031 00 Atlas Copco;Муфта;5;20.0;24.0;1322.58;WMS;1322.58 USD;торговаться до цели;120.0;6612.9
389;3115355000;Вращатель 3115 3550 00 Epiroc;Прочее (мелкая механика);10;2.0;2.4;220.43;WMS;220.43 USD;торговаться до цели;24.0;2204.3
390;3115601036;Кольцо 3115 6010 36 Epiroc;Кольцо (резин.);50;0.2;0.24;308.6;WMS;308.6 USD;торговаться до цели;12.0;15430.0
391;3115601035;Поршень экстрактора 3115601035 Epiroc;Поршень-ударник;2;100.0;120.0;464.52;WMS;464.52 USD;торговаться до цели;240.0;929.04
392;3115282300;Поршень 3115 2823 00 Atlas Copco;Поршень-ударник;2;100.0;120.0;752.69;WMS;752.69 USD;торговаться до цели;240.0;1505.38
393;3115531400;Драйвер 3115 5314 00 Atlas Copco;Драйвер (вращатель);3;60.0;72.0;288.0;YLF;288.0 USD;торговаться до цели;216.0;864.0
394;3115505002;Втулка поршня 3115 5050 02 Atlas Copco;Втулка поршня (цементуемая);5;18.0;21.6;53.82;KAT;390.0 CNY;торговаться до цели;108.0;269.1
395;3115183300;Направляющая 3115 1833 00 Atlas Copco;Втулка направляющая/букса;5;20.0;24.0;8.0;Sanshan;58.0 CNY;брать по КП;120.0;40.02
396;3115324400;Поршень 3115 3244 00;Поршень-ударник;2;100.0;120.0;77.28;Sanshan;560.0 CNY;брать по КП;240.0;154.56
397;3115573000;Втулка 3115 5730 00 Epiroc;Втулка прочая;5;12.0;14.4;352.69;WMS;352.69 USD;торговаться до цели;72.0;1763.45
398;3115283100;Поршень 3115 2831 00 Atlas Copco;Поршень-ударник;2;100.0;120.0;352.69;WMS;352.69 USD;торговаться до цели;240.0;705.38
399;3115576401;Втулка поршня 3115 5764 01 Epiroc;Втулка поршня (цементуемая);5;18.0;21.6;330.65;WMS;330.65 USD;торговаться до цели;108.0;1653.25
400;3115600012;Втулка поршня 3115 6000 12 Epiroc;Втулка поршня (цементуемая);5;18.0;21.6;27.6;KAT;200.0 CNY;торговаться до цели;108.0;138.0
401;3115600166;Шток 3115 6001 66 Epiroc;Шток;3;60.0;72.0;1763.44;WMS;1763.44 USD;торговаться до цели;216.0;5290.32
403;31153593 00;Диафрагма 3115 3593 00 Atlas Copco;Диафрагма HNBR армированная;10;4.0;4.8;2.07;Sanshan;15.0 CNY;брать по КП;48.0;20.7
404;3115600527;Пыльник 3115 6005 27 Epiroc;Прочее (мелкая механика);10;2.0;2.4;1.85;WMS;1.85 USD;брать по КП;24.0;18.5
405;3115304400;Уплотнение 3115 3044 00 Atlas Copco;Уплотнение/O-ring NBR;50;0.2;0.24;5.73;WMS;5.73 USD;торговаться до цели;12.0;286.5
406;3115357200;Диафрагма 3115 3572 00 Epiroc;Диафрагма HNBR армированная;10;4.0;4.8;10.76;Sanshan;78.0 CNY;торговаться до цели;48.0;107.64
409;3115936200;Комплект уплот. 3115 9362 00 Epiroc;Комплект уплотнений;10;12.0;14.4;749.46;WMS;749.46 USD;торговаться до цели;144.0;7494.6
411;3115936204;Набор уплотнений 3115 9362 04 Epiroc;Комплект уплотнений;10;12.0;14.4;176.34;WMS;176.34 USD;торговаться до цели;144.0;1763.4
412;3115600115;Втулка поршня 3115 6001 15 Epiroc;Втулка поршня (цементуемая);5;18.0;21.6;440.86;WMS;440.86 USD;торговаться до цели;108.0;2204.3
413;3115600116;Втулка поршня 3115 6001 16 Epiroc;Втулка поршня (цементуемая);5;18.0;21.6;529.03;WMS;529.03 USD;торговаться до цели;108.0;2645.15
414;3115305100;Шайба 3115 3051 00 Atlas Copco;Метиз/пружина;30;0.8;0.96;2.2;WMS;2.2 USD;торговаться до цели;28.8;66.0
415;3115204600;Втулка 3115 2046 00 Atlas Copco;Втулка прочая;5;12.0;14.4;132.26;WMS;132.26 USD;торговаться до цели;72.0;661.3
416;3115305200;Шпилька 3115 3052 00 Atlas Copco;Метиз/пружина;30;0.8;0.96;110.22;WMS;110.22 USD;торговаться до цели;28.8;3306.6
418;3115356800;Втулка 3115 3568 00 Epiroc;Втулка прочая;5;12.0;14.4;154.3;WMS;154.3 USD;торговаться до цели;72.0;771.5
419;3115600582;Поршень 3115 6005 82 Epiroc;Поршень-ударник;2;100.0;120.0;1102.15;WMS;1102.15 USD;торговаться до цели;240.0;2204.3
420;3115574400;Поршень экстрактора 3115 5744 00 Epiroc;Поршень-ударник;2;100.0;120.0;529.03;WMS;529.03 USD;торговаться до цели;240.0;1058.06
421;3115336300;Манжета 3115 3363 00 Epiroc;Манжета/скребок PU;30;0.8;0.96;0.69;Sanshan;5.0 CNY;брать по КП;28.8;20.7
422;3115901183;Комплект уплот. 3115 9011 83 Epiroc;Комплект уплотнений;10;12.0;14.4;110.22;WMS;110.22 USD;торговаться до цели;144.0;1102.2
424;3115600784;Поршень уд. 3115 6007 84 Epiroc;Поршень-ударник;2;100.0;120.0;82.8;Sanshan;600.0 CNY;брать по КП;240.0;165.6
426;3115901219;Комплект ремон. 3115 9012 19 Epiroc;Комплект уплотнений;10;12.0;14.4;27.32;Sanshan;198.0 CNY;торговаться до цели;144.0;273.24
490;3115370101;Направляющая 3115 3701 01 Epiroc;Втулка направляющая/букса;5;20.0;24.0;220.43;WMS;220.43 USD;торговаться до цели;120.0;1102.15
491;3115370300;Направляющая 3115 3703 00 Epiroc;Втулка направляющая/букса;5;20.0;24.0;242.47;WMS;242.47 USD;торговаться до цели;120.0;1212.35
492;3115326002;Втулка 3115 3260 02 Atlas Copco;Втулка прочая;5;12.0;14.4;21.8;Sanshan;158.0 CNY;торговаться до цели;72.0;109.02
493;3115522600;Втулка 3115 5226 00 Atlas Copco;Втулка прочая;5;12.0;14.4;617.2;WMS;617.2 USD;торговаться до цели;72.0;3086.0
494;3115535601;Поршень 3115 5356 01 Atlas Copco;Поршень-ударник;2;100.0;120.0;440.86;WMS;440.86 USD;торговаться до цели;240.0;881.72
495;3115147000;Драйвер 3115 1470 00 Atlas Copco;Драйвер (вращатель);3;60.0;72.0;41.12;Sanshan;298.0 CNY;брать по КП;216.0;123.37
496;3115361900;Направляющая 3115 3619 00 Epiroc;Втулка направляющая/букса;5;20.0;24.0;8.0;Sanshan;58.0 CNY;брать по КП;120.0;40.02
497;3115183600;Болт 3115 1836 00 Epiroc;Метиз/пружина;30;0.8;0.96;57.96;Fuxuan;420.0 CNY;торговаться до цели;28.8;1738.8
498;3115362000;Направляющая поршня 3115 3620 00 Epiroc;Втулка направляющая/букса;5;20.0;24.0;8.0;Sanshan;58.0 CNY;брать по КП;120.0;40.02
499;3115317100;Поршень 3115 3171 00 Epiroc;Поршень-ударник;2;100.0;120.0;82.52;Sanshan;598.0 CNY;брать по КП;240.0;165.05
500;3115600218;Кольцо 3115 6002 18 Epiroc;Кольцо (резин.);50;0.2;0.24;20.42;Sanshan;148.0 CNY;торговаться до цели;12.0;1021.2
501;3115325100;Направляющая 3115 3251 00 Epiroc;Втулка направляющая/букса;5;20.0;24.0;14.9;Sanshan;108.0 CNY;брать по КП;120.0;74.52
502;3115600488;Втулка 3115 6004 88 Epiroc;Втулка прочая;5;12.0;14.4;17.66;Sanshan;128.0 CNY;торговаться до цели;72.0;88.32
554;3115560700;Уплотнение 3115 5607 00 Epiroc;Уплотнение/O-ring NBR;50;0.2;0.24;33.06;WMS;33.06 USD;торговаться до цели;12.0;1653.0
555;3115560600;Уплотнение 3115 5606 00 Epiroc;Уплотнение/O-ring NBR;50;0.2;0.24;37.47;WMS;37.47 USD;торговаться до цели;12.0;1873.5
556;3115182201;Диафрагма 3115 1822 01 Atlas Copco;Диафрагма HNBR армированная;10;4.0;4.8;2.07;Sanshan;15.0 CNY;брать по КП;48.0;20.7
557;3115294500;Сапун 3115 2945 00 Epiroc;Сапун;10;2.5;3.0;1.31;Sanshan;9.5 CNY;брать по КП;30.0;13.11
560;3115308000;Комплект уплот. 3115 3080 00 Atlas Copco;Комплект уплотнений;10;12.0;14.4;33.06;WMS;33.06 USD;торговаться до цели;144.0;330.6
561;3115097000;Набор уплотн. 3115 0970 00 Atlas Copco;Комплект уплотнений;10;12.0;14.4;7.45;Fuxuan;54.0 CNY;брать по КП;144.0;74.52
562;3115500502;Шпилька 3115 5005 02 Epiroc;Метиз/пружина;30;0.8;0.96;110.22;WMS;110.22 USD;торговаться до цели;28.8;3306.6
563;3115500401;Болт 3115 5004 01 Epiroc;Метиз/пружина;30;0.8;0.96;110.22;WMS;110.22 USD;торговаться до цели;28.8;3306.6
685;3115524985;Мотор гидравлический 3115 5249 85 Epiroc;Гидромотор (узел);1;300.0;360.0;821.65;WMS;821.65 USD;торговаться до цели;360.0;821.65
998;3115205500;Комплект уплот. 3115 2055 00 Atlas Copco;Комплект уплотнений;10;12.0;14.4;2.21;Sanshan;16.0 CNY;брать по КП;144.0;22.08
999;3115215000;Комплект уплот. 3115 2150 00 Atlas Copco;Комплект уплотнений;10;12.0;14.4;4.11;Sanshan;29.8 CNY;брать по КП;144.0;41.12
1000;3115370902;Шпилька 3115 3709 02 Epiroc;Метиз/пружина;30;0.8;0.96;6.61;WMS;6.61 USD;торговаться до цели;28.8;198.3
1001;3115116500;Штифт 3115 1165 00 Atlas Copco;Метиз/пружина;30;0.8;0.96;0.39;Sanshan;2.8 CNY;брать по КП;28.8;11.59