Сегмент;Приор;Компания;Страна;Что делает;Сайт;Email;Телефон;Статус;Дата;Ответ/КП
СЕГМЕНТ 1 — Камеры сгорания и DLE-горелки (ПРЯМАЯ ЦЕЛЬ: MW21215M + MW22316B/01);★ ТАМОЖНЯ;Heinzmann UK Limited;Великобритания;Системы зажигания и свечи розжига камеры сгорания — 1 отгрузка;heinzmann-re.com;sales@heinzmann-re.com;+44 1206 799556;;;
СЕГМЕНТ 1 — Камеры сгорания и DLE-горелки (ПРЯМАЯ ЦЕЛЬ: MW21215M + MW22316B/01);★ ТАМОЖНЯ;Turbine Engineering Services Ltd;Великобритания (Першор);Детали ГТУ, 5 отгрузок, происхождение UK/Нидерланды/Швейцария. Малая фирма 2-10 чел., сайт не отвечает;turbineengineeringservices.co.uk (не отвечает);не найдено;01386 555630 (справочники, не подтверждён);;;
СЕГМЕНТ 1 — Камеры сгорания и DLE-горелки (ПРЯМАЯ ЦЕЛЬ: MW21215M + MW22316B/01);★ ТАМОЖНЯ;Liburdi Turbine Services;Канада (Dundas);Сегменты сопловых аппаратов и лопатки, HS 8411999900, авиа Мехико в обе стороны — маршрут ремонта горячей части;liburdi.com;info@liburdi.com;+1 905 689 0734;;;
СЕГМЕНТ 1 — Камеры сгорания и DLE-горелки (ПРЯМАЯ ЦЕЛЬ: MW21215M + MW22316B/01);★ ТАМОЖНЯ;WBS Trading & Manufacturing;Сингапур (отгрузка из КНР);КУПОЛ КАМЕРЫ СГОРАНИЯ (cupula), кольца дисков 1/2 ступени, уплотнительные пластины — 5 отгрузок;wbs.com.sg;sales@wbs.com.sg;+65 6863 1978;;;
СЕГМЕНТ 1 — Камеры сгорания и DLE-горелки (ПРЯМАЯ ЦЕЛЬ: MW21215M + MW22316B/01);★ ЛИД;ITS — Industrial Turbine Services GmbH;Австрия (Лаакирхен);Сканеры и датчики пламени ГТУ, детали ГТУ, АСУ (TMOS, FLAME SCANNER). Связь с TFS не подтверждена;turbineservices.at;contact@turbineservices.de;+49 201 43728-0;;;
СЕГМЕНТ 1 — Камеры сгорания и DLE-горелки (ПРЯМАЯ ЦЕЛЬ: MW21215M + MW22316B/01);★ ЛИД;Gas Turbine Services A/S;Дания (Эсбьерг) + Линкольн UK;Крупнейший независимый сервис по линейке Siemens (Lincoln) SGT / Ruston. Дания — одно из 3 направлений экспорта TFS;gasturbineservices.com;gts@gasturbineservices.com;+45 7546 8030 / +44 1522 842700;;;
СЕГМЕНТ 1 — Камеры сгорания и DLE-горелки (ПРЯМАЯ ЦЕЛЬ: MW21215M + MW22316B/01);★ TFS;DURAG Group / HEGWEIN;Германия;Запальники и системы розжига камер сгорания ГТУ (HEGWEIN M22D), патент ignition generator;durag.com;info@durag.com;+49 40 554218-0;;;
СЕГМЕНТ 1 — Камеры сгорания и DLE-горелки (ПРЯМАЯ ЦЕЛЬ: MW21215M + MW22316B/01);★ TFS;Sonkit (Shanghai);Китай;Металлические уплотнения (C-ring) камеры сгорания / горячей части;sonkit.com;sales@sonkit.com;+86 21 5439 9299;;;
СЕГМЕНТ 1 — Камеры сгорания и DLE-горелки (ПРЯМАЯ ЦЕЛЬ: MW21215M + MW22316B/01);★;Powertherm Engineering Pvt. Ltd.;Индия;В каталоге прямо позиционируется как изготовитель ГОРЯЧИХ ДЕТАЛЕЙ ГТУ: transition pieces («gas conveyors»), камеры сгорания / cap liner, СОП;"не найдено (собственного домена не подтверждено; листинги на tradeindia.com и exportersindia.com)";;;;;
СЕГМЕНТ 1 — Камеры сгорания и DLE-горелки (ПРЯМАЯ ЦЕЛЬ: MW21215M + MW22316B/01);★;ADS Innotech Pvt. Ltd.;Индия;Профильный изготовитель деталей камеры сгорания: на сайте отдельный продукт «Gas Turbine Combustion Liner Spares» — детали жаровых труб, ску;https://www.adsinnotech.com;"не найдено (на сайте только форма обратной связи; корпоративный домен @adsinnotech.com подтверждён по профилям сотрудников)";;;;
СЕГМЕНТ 1 — Камеры сгорания и DLE-горелки (ПРЯМАЯ ЦЕЛЬ: MW21215M + MW22316B/01);★;PT. Nuscaco Hasteloy Turbine Services (NHTS);Индонезия;Полный ремонт/восстановление деталей горячего тракта: Combustion Liner, Transition Piece, Blade, Nozzle, Shroud, Segments, IGV, Diaphragm. О;https://nhts.co.id/;info@nhts.co.id;+62 21 4600338, +62 21 4682 3201;;;
СЕГМЕНТ 1 — Камеры сгорания и DLE-горелки (ПРЯМАЯ ЦЕЛЬ: MW21215M + MW22316B/01);★;哈尔滨广瀚燃气轮机有限公司 (Harbin Guanghan Gas Turbine Co., Ltd., при 703-м институте CSSC);Китай;Завод-изготовитель промышленных ГТУ диапазона 3–50 МВт — SGT-400 (12,9 МВт) попадает ровно в середину линейки, значит габариты, материалы и ;http://www.ghturbine.com/;;;;;
СЕГМЕНТ 1 — Камеры сгорания и DLE-горелки (ПРЯМАЯ ЦЕЛЬ: MW21215M + MW22316B/01);★;无锡华天航空动力有限公司 (Wuxi Huatian Aviation Power Co., Ltd.) + дочка 无锡华天燃气轮机有限公司;Китай;"Разработчик и изготовитель авиадвигателей, ГАЗОВЫХ ТУРБИН и компрессоров с собственной интеллектуальной собственностью; под ГТУ выделена отд";http://www.ihuatian.com/;hyturbines@ihuatian.com;400-823-6768;;;
СЕГМЕНТ 1 — Камеры сгорания и DLE-горелки (ПРЯМАЯ ЦЕЛЬ: MW21215M + MW22316B/01);★;无锡明阳氢燃动力科技有限公司 (Wuxi Mingyang Hydrogen Combustion Power Technology Co., Ltd.), дочка 明阳智能 / Mingyang Smart Energy (SSE 601615);Китай;Единственный найденный игрок в КНР с ПОЛНОСТЬЮ СОБСТВЕННОЙ разработкой и испытательной базой именно КАМЕРЫ СГОРАНИЯ промышленной ГТУ. Создал;"не найдено (собственный сайт не обнаружен; группа — mingyanggroup.com.cn, myse.com.cn)";;не найдено (на сайте группы указан общий телефон материнской компании в Чжуншане);;;
СЕГМЕНТ 1 — Камеры сгорания и DLE-горелки (ПРЯМАЯ ЦЕЛЬ: MW21215M + MW22316B/01);★;OGA Sistem Sdn Bhd (подразделение OSRE — OGA Sistem Rotor Equipments);Малайзия;Заявлены ремонт HGP-компонентов ГТУ и — что важнее — конструирование и изготовление НОВЫХ деталей горячей и холодной части: «Combustion hard;https://ogasistem.com/;info@ogasistem.com, sales@ogasistem.com;+60 3-3342 4050, +60 3-3341 4264;;;
СЕГМЕНТ 1 — Камеры сгорания и DLE-горелки (ПРЯМАЯ ЦЕЛЬ: MW21215M + MW22316B/01);★;TNB Repair and Maintenance Sdn. Bhd. (TNB REMACO);Малайзия;Собственный Repair Centre восстанавливает вращающиеся, статорные и корпусные детали, включая компоненты горячего тракта: «Hot Gas / Steam Pa;https://www.tnbremaco.com.my/;remaco@tnb.com.my;+60 3-7964 2600, факс +60 3-7964 2699 / 2698;;;
СЕГМЕНТ 1 — Камеры сгорания и DLE-горелки (ПРЯМАЯ ЦЕЛЬ: MW21215M + MW22316B/01);★;Aztek Enerji A.Ş.;Турция;Единственная найденная в Турции компания, прямо заявляющая собственное производство компонентов горячего газового тракта (hot gas path) и ко;https://a-ztek.com/turbomachinery-parts/ (редирект на aztekenerji.com);aztek@aztekenerji.com;+90 216 629 93 33;;;
СЕГМЕНТ 1 — Камеры сгорания и DLE-горелки (ПРЯМАЯ ЦЕЛЬ: MW21215M + MW22316B/01);;GLF Turbine S.r.l.;Италия;Профильный производитель горячей части: камеры сгорания и жаровые трубы (C&L), transition pieces (TP), сопловые аппараты (nozzles). Бывший ц;http://www.glfturbine.com;info@glfturbine.com;+39 071 97491 (факс +39 071 9749205);;;
СЕГМЕНТ 1 — Камеры сгорания и DLE-горелки (ПРЯМАЯ ЦЕЛЬ: MW21215M + MW22316B/01);;Remazel Engineering S.p.A.;Италия;Исторический производитель камер сгорания промышленных ГТУ: производство Hot Gas Path Components для «combustion sector», сварка и мехобрабо;https://remazel.com;не найдено (только форма на remazel.com/contact/);+39 035 0693111 (факс +39 035 687823);;;
СЕГМЕНТ 1 — Камеры сгорания и DLE-горелки (ПРЯМАЯ ЦЕЛЬ: MW21215M + MW22316B/01);;Allied Power Group (APG);США;Независимый производитель и ремонтник деталей камеры сгорания промышленных ГТУ — собственный завод на Farrell Road в Хьюстоне делает combust;https://alliedpg.com/;sales@alliedpg.com;+1 281 444 3535;;;
СЕГМЕНТ 1 — Камеры сгорания и DLE-горелки (ПРЯМАЯ ЦЕЛЬ: MW21215M + MW22316B/01);;Fern Engineering, Inc.;США;Узкоспециализированное предприятие, чей отдельный цех занят ИСКЛЮЧИТЕЛЬНО восстановлением топливных форсунок ГТУ и других деталей камеры сго;https://www.fernengineering.com;mail@fernengineering.com;+1 508-563-7181;;;
СЕГМЕНТ 1 — Камеры сгорания и DLE-горелки (ПРЯМАЯ ЦЕЛЬ: MW21215M + MW22316B/01);;Franke Industrie AG (Franke Group);Швейцария;Один из ключевых европейских контрактных производителей деталей КАМЕРЫ СГОРАНИЯ промышленных ГТУ: делает горячую часть, рассчитанную на 1200;https://www.frankeindustries.com;industrie-info.ch@franke.com;+41 62 787 31 31;;;
СЕГМЕНТ 2 — Лопатки и сопловые аппараты (литьё суперсплавов);★;PTC Industries Ltd. / дочерняя Aerolloy Technologies Ltd.;Индия;Единственная в Индии литейка, освоившая МОНОКРИСТАЛЛИЧЕСКОЕ (SC) и направленно-кристаллизованное (DS) литьё лопаток и сопловых лопаток — пря;https://www.ptcil.com;sales@ptcil.com;+91 522 711 1017;;;
СЕГМЕНТ 2 — Лопатки и сопловые аппараты (литьё суперсплавов);★;Dongying Hengxin Turbomachinery Co., Ltd. (HXT);Китай;Самое точное совпадение по НОМЕНКЛАТУРЕ И СПЛАВАМ горячей части промышленных ГТУ: отливают turbine blades, guide vanes, nozzles & nozzle rin;https://investmentcasting.en.made-in-china.com/;;;;;
СЕГМЕНТ 2 — Лопатки и сопловые аппараты (литьё суперсплавов);★;Jiangsu Suvast Special Alloy Technology Co., Ltd. (江苏永瀚特种合金技术股份有限公司, Jiangsu Yonghan);Китай;Профильный игрок ровно по нужному сегменту: отливки горячей части ГТУ и авиадвигателей — охлаждаемые рабочие лопатки (cooled turbine blade) ;http://www.suvast.com / http://en.suvast.com;;;;;
СЕГМЕНТ 2 — Лопатки и сопловые аппараты (литьё суперсплавов);★;成都航宇超合金技术有限公司 (Chengdu Aerospace Superalloy Technology Co., Ltd., бренд CAST);Китай;Единственный из найденных, кто закрывает ВЕСЬ цикл по горячей детали внутри одной площадки: выплавка жаропрочного сплава → литьё монокристал;https://www.sccast.com/;cast@sccast.com;+86-28-60612629 (факс +86-28-60612630);;;
СЕГМЕНТ 2 — Лопатки и сопловые аппараты (литьё суперсплавов);★;江苏永瀚特种合金技术股份有限公司 (Jiangsu Yonghan Special Alloy Technology Co., Ltd.);Китай;Профильный производитель равноосных, направленно-кристаллизованных (DS) и монокристаллических (SX) турбинных лопаток и ДРУГИХ ГОРЯЧИХ ДЕТАЛЕ;не найдено (публичный корпоративный сайт не обнаружен);;;;;
СЕГМЕНТ 2 — Лопатки и сопловые аппараты (литьё суперсплавов);★;沈阳中科三耐新材料股份有限公司 (Shenyang Zhongke Sannai New Materials Co., Ltd., NEEQ 430513);Китай;Прямое попадание по классу мощности: в списке основной продукции отдельной строкой стоят «ГОРЯЧИЕ ТУРБИННЫЕ ЛОПАТКИ МАЛЫХ И СРЕДНИХ ГТУ» — э;http://www.zksn.com/;"jcpdyz@163.com (отдел кадров; коммерческий e-mail не опубликован)";+86-24-23748813 (общий), +86-24-23748888;;;
СЕГМЕНТ 2 — Лопатки и сопловые аппараты (литьё суперсплавов);★;SUNG-IL Turbine Co., Ltd. ((주)성일터빈);Южная Корея;Прямой профиль под нашу задачу: изготовление деталей камеры сгорания (Combustor Basket), корпусов горячего тракта (Hot Gas Casing upper/lowe;http://www.sungiltbn.com/ (англ. версия http://eng.sungiltbn.com/);sgt@sungiltbn.com;+82-51-930-8900 (также +82-51-951-7500), факс +82-51-951-7600;;;
СЕГМЕНТ 2 — Лопатки и сопловые аппараты (литьё суперсплавов);•;Godrej Enterprises Group — подразделение Godrej Aerospace (Godrej & Boyce Mfg. Co. Ltd.);Индия;Единственная частная компания Индии, подтверждённо изготавливающая ВСЕ модули газотурбинного двигателя, включая КАМЕРУ СГОРАНИЯ (combustor) ;https://www.godrejenterprises.com/aerospace;web.aerospace@godrej.com;+91 22 6796 2856;;;
СЕГМЕНТ 2 — Лопатки и сопловые аппараты (литьё суперсплавов);•;Anhui Yingliu Electromechanical Co., Ltd. / Yingliu Group (安徽应流机电股份有限公司 / 应流集团, SSE 603308);Китай;"Публичная компания, где «авиадвигатели / газовые турбины» заявлены как ключевое направление бизнеса; входит в перечень крупнейших производит";http://www.yingliugroup.com;;+86-564-5036612;;;
СЕГМЕНТ 2 — Лопатки и сопловые аппараты (литьё суперсплавов);•;Neway Precision Works Ltd. (NewayAeroTech);Китай;Единственный найденный игрок, который в одном месте заявляет и SX/DS-литьё лопаток, сопловых аппаратов (NGV) и охлаждаемых деталей горячей ч;https://www.newayaerotech.com;clyde.he@newayprecision.com;+86 189 2678 8217;;;
СЕГМЕНТ 2 — Лопатки и сопловые аппараты (литьё суперсплавов);•;Shandong Yili Power Technology Co., Ltd. (山东益利动力科技有限公司);Китай;Специализируется на горячих деталях турбомашин: gas turbine blades, nozzle guide vanes (NGV), nozzle rings, turbine wheels, turbine discs. С;https://www.yilipower.com / http://www.yilicasting.com;;;;;
СЕГМЕНТ 2 — Лопатки и сопловые аппараты (литьё суперсплавов);•;Taiyuan Simis Investment Casting Co., Ltd (太原西米斯精密铸造);Китай;Специализированная литейка по СОПЛОВЫМ АППАРАТАМ (nozzle guide vanes) — у них это выделено в отдельную товарную позицию с описанием функции ;https://www.simis-casting.com/;market@investment-casting.biz;+86-186-3510-8523;;;
СЕГМЕНТ 2 — Лопатки и сопловые аппараты (литьё суперсплавов);•;Weifang Boyuan Power Technology Co., Ltd. (潍坊博源动力科技有限公司);Китай;Отливает сопловые/направляющие аппараты (nozzle guide vane, stator vane), рабочие лопатки, сопловые кольца из жаропрочных сплавов. Прямо зая;https://www.boyuancasting.com;info@boyuancasting.com;+86 536 4650168;;;
СЕГМЕНТ 2 — Лопатки и сопловые аппараты (литьё суперсплавов);•;Wuxi Jinye Precision Casting Co., Ltd. (无锡金冶精密铸造有限公司);Китай;В номенклатуре прямо: «Gas turbine blades, turbine blades, turbine discs, nozzles and guide vanes» — т.е. лопатки и сопловые аппараты ГТУ. О;https://blacast.en.made-in-china.com/;;;;;
СЕГМЕНТ 2 — Лопатки и сопловые аппараты (литьё суперсплавов);•;Jiangsu Tunan Alloy Co., Ltd. (江苏图南合金股份有限公司, Toland Alloy, SZSE 300855);Китай;Одна из немногих компаний КНР с полным циклом: и деформируемые, и литейные жаропрочные сплавы (мастер-сплав + прецизионные отливки). На сайт;https://www.toland-alloy.com;;;;;
СЕГМЕНТ 2 — Лопатки и сопловые аппараты (литьё суперсплавов);•;JINYOUNG TBX Co., Ltd. (진영티비엑스(주));Южная Корея;Производитель лопаток и сопловых аппаратов с 1982 г.: blades, nozzles, diaphragms, labyrinth seals, impellers/blisks для газовых и паровых т;http://www.blade-korea.com/;blade@tbx.co.kr;+82-55-295-2801, факс +82-55-292-8253;;;
СЕГМЕНТ 2 — Лопатки и сопловые аппараты (литьё суперсплавов);;Doncasters Group (DPC Holdings PLC);Великобритания;Один из немногих независимых от Siemens изготовителей, у которого в номенклатуре прямо перечислен весь комплект деталей камеры сгорания — co;https://www.doncasters.com;не найдено (адреса на сайте закрыты Cloudflare email-protection);"+44 (0)115 663 0139 (UK Group Enquiries); +44 (0)1460 260600 (Chard); +44 (0)1905 825500 (Droitwich); +49 (0)234 6221 (Bochum)";;;
СЕГМЕНТ 2 — Лопатки и сопловые аппараты (литьё суперсплавов);;Chromalloy (Chromalloy Gas Turbine LLC);США;Крупнейший в мире независимый поставщик замещающих деталей для ГТУ (авиация + наземные промышленные). Программа LifeX / PMA — прямая non-OEM;https://www.chromalloy.com;"не найдено (обратная связь через форму на /contact-us/; персональные ссылки «Contact <имя>» ведут на форму)";"+1 561 935 3571 (HQ); +1 813 885 4781 (Tampa Casting COE); +1 775 687 8833 (Carson City); +1 210 331 2300 (San Antonio)";;;
СЕГМЕНТ 2 — Лопатки и сопловые аппараты (литьё суперсплавов);;Consolidated Precision Products Corp. (CPP);США;Один из двух-трёх независимых от Siemens/GE производителей отливок горячей части для ПРОМЫШЛЕННЫХ ГТУ (рынок IGT выделен на сайте в отдельну;https://www.cppcorp.com;не найдено (на сайте только форма /contact);;;;
СЕГМЕНТ 2 — Лопатки и сопловые аппараты (литьё суперсплавов);;Rapid Precision Castings (DDM Systems, Inc.);США;Независимая литейка горячей части: отливают ЛОПАТКИ турбины, СОПЛОВЫЕ АППАРАТЫ (nozzle guide vanes), ТОПЛИВНЫЕ ФОРСУНКИ (fuel nozzles), дета;https://rapidprecisioncastings.com;support@rapidprecisioncastings.com;+1 470-225-6987;;;
СЕГМЕНТ 2 — Лопатки и сопловые аппараты (литьё суперсплавов);;Turbine Casting SAS;Франция;Редкий актив для локализации: позиционирует себя как единственное в Европе НЕЗАВИСИМОЕ литейное производство по выплавляемым моделям, отлива;https://www.turbine-casting.com;contact@turbine-casting.com;+33 3 85 77 14 36;;;
СЕГМЕНТ 3 — Покрытия горячей части (TBC / MCrAlY / диффузионные);★ ТАМОЖНЯ;Sifco Applied Surface Concepts;США (Огайо);Селективное гальванопокрытие (brush plating) — восстановление корпусов и деталей горячей части;sifcoasc.com;не найдено;не найдено;;;
СЕГМЕНТ 3 — Покрытия горячей части (TBC / MCrAlY / диффузионные);★;广州三鑫金属科技有限公司 (Guangzhou Sanxin Metal Technology Co., Ltd.);Китай;Самое точное попадание по КАМЕРЕ СГОРАНИЯ среди найденных: в перечне отраслевых применений прямым текстом стоит «жаростойкие защитные покрыт;https://www.sx020.com/;sanxinspray@163.com (доп. 496561257@qq.com);+86-20-84836251, моб. +86-136-5094-6263;;;
СЕГМЕНТ 3 — Покрытия горячей части (TBC / MCrAlY / диффузионные);•;Plasma Spray Processors;Индия;Индийский подрядный цех термического напыления, работающий по деталям заказчика без минимальной партии — потенциально самый дешёвый вариант ;https://www.plasmaspray.co.in/;не найдено (на сайте адрес замаскирован);"+91 98207 18722; +91 98202 31088";;;
СЕГМЕНТ 3 — Покрытия горячей части (TBC / MCrAlY / диффузионные);•;PT Nusantara Turbin dan Propulsi (NTP);Индонезия;Один из крупнейших независимых MRO-центров ЮВА по ГТУ и вращающемуся оборудованию (бывш. Universal Maintenance Center в составе IPTN/PT Dirg;https://www.ntp.id/;;"+62-22-6031985, +62-22-6045656; факс +62-22-6031851, +62-22-6037747";;;
СЕГМЕНТ 3 — Покрытия горячей части (TBC / MCrAlY / диффузионные);•;Serviturbinas SAS;Колумбия;29 лет опыта, сервисный центр по газовым и паровым турбинам. Заявленный набор ровно под задачу: ремонт критических компонентов, СПЕЦИАЛЬНЫЕ ;https://serviturbinas.com/;Luis.henriquez@serviturbinas.com;"+57 601 896 6456; +57 313 278 8467";;;
СЕГМЕНТ 3 — Покрытия горячей части (TBC / MCrAlY / диффузионные);•;Turboaleaciones S.A. de C.V.;Мексика;Прямо заявляют работу по горячей части промышленных ГТУ: 'Mantenimiento de partes calientes' (обслуживание горячих деталей) и 'Modernización;http://turboaleaciones.com/;"ventas@turboaleaciones.com; contacto@turboaleaciones.com";"+52 352 526 9004 (Ла-Пьедад); +52 993 315 4704 (CISOP, Вильяэрмоса)";;;
СЕГМЕНТ 3 — Покрытия горячей части (TBC / MCrAlY / диффузионные);•;Especialistas en Turbopartes S.A. de C.V. (ETU);Мексика;Специализированный производитель и восстановитель деталей турбомашин ('Especialistas en Turbopartes'): 'diseño, fabricación y rehabilitación;https://www.etu.mx/;не найдено (форма обратной связи на сайте);+52 442 220 6895;;;
СЕГМЕНТ 3 — Покрытия горячей части (TBC / MCrAlY / диффузионные);;Indestructible Paint Ltd;Великобритания;Британский производитель высокотемпературных покрытий, у которого 'gas turbines & power generation' указан ключевым сектором. Специализация ;https://www.indestructible.co.uk/;sales@indestructible.co.uk;+44 121 702 2485;;;
СЕГМЕНТ 3 — Покрытия горячей части (TBC / MCrAlY / диффузионные);;Linde Advanced Material Technologies (бывш. Praxair Surface Technologies / Sermatech);Германия / Италия / Франция / Индия / Сингапур / Ю. Корея / Великобритания / США;Крупнейшая мировая сеть подрядных покрытий для ГТУ, наследник Praxair Surface Technologies и бренда Sermatech (алюминиево-керамические покры;https://www.linde-amt.com/global-coating-services;не найдено (только форма на /contact-us);;;;
СЕГМЕНТ 3 — Покрытия горячей части (TBC / MCrAlY / диффузионные);;ATLA S.r.l.;Италия;Независимый подрядчик по спецпроцессам и покрытиям для изготовления и ремонта деталей ГТУ: пионер в ремонте и спецпроцессах на лопатках и со;https://www.atla.it;infoatla@atla.it;+39 011 9472346 (факс +39 011 9490409);;;
СЕГМЕНТ 3 — Покрытия горячей части (TBC / MCrAlY / диффузионные);;Flame Spray S.p.A. (Flame Spray Group);Италия;Один из немногих европейских подрядчиков, кто открыто держит 'Gas Turbines' отдельной строкой в форме запроса и заявляет работу с крупногаба;https://www.flamespray.org/;info@flamespray.org;"+39 039 695 7216 (Roncello, HQ); +36 28 514 175 (Венгрия); +966 13 896 9545 (Саудовская Аравия)";;;
СЕГМЕНТ 3 — Покрытия горячей части (TBC / MCrAlY / диффузионные);;Lincotek Rubbiano S.p.A. (бывш. Turbocoating S.p.A.);Италия;Ключевой европейский узел по покрытиям горячей части промышленных ГТУ: MCrAlY методами VPS/LPPS/HVOF, YSZ/TBC методом APS, CVD-алитирование,;https://www.turbocoating.com / https://lincoteksurfacesolutions.com;"sales.surfacesolutions.EMEA@lincotek.com; surfacesolutions.EMEA@lincotek.com";+39 0525 305811 (факс +39 0525 305812);;;
СЕГМЕНТ 3 — Покрытия горячей части (TBC / MCrAlY / диффузионные);;Lincotek Surface Solutions (бывш. Turbocoating S.p.A.);Италия;Классический европейский подрядчик по покрытиям горячей части ГТУ, тот самый Turbocoating из Пармы (домен turbocoating.com редиректит на lin;https://www.lincotek.com/surface-treatments/;sales.surfacesolutions.EMEA@lincotek.com;+39 0525 305808;;;
СЕГМЕНТ 3 — Покрытия горячей части (TBC / MCrAlY / диффузионные);;Liburdi Turbine Services (Liburdi Engineering Limited);Канада;Прямое попадание в линейку SGT-400. На странице поддерживаемых двигателей Ruston перечислены Cyclone, Tornado, Typhoon, TA2500/1750, TB4000,;https://www.liburditurbineservices.com/;info@liburditurbineservices.com;"+1 905 689 0734; 1-800-991-2100";;;
СЕГМЕНТ 3 — Покрытия горячей части (TBC / MCrAlY / диффузионные);;Aerobraze Engineered Technologies — подразделение Wall Colmonoy Corporation;США;Технологический подрядчик по деталям горячей части, а не поставщик каталожных номеров. Заявлено «полное изготовление и ремонт деталей турбин;https://metals.wallcolmonoy.com/products-capabilities/aerobraze-cincinnati;не найдено (запрос через форму Request a Quote на wallcolmonoy.com);;;;
СЕГМЕНТ 3 — Покрытия горячей части (TBC / MCrAlY / диффузионные);;Hitemco (Lincotek Surface Solutions US);США;Американская площадка группы Lincotek с отдельным брендом и собственным сбытом. Заявлены 'Thermal Spray and Diffusion Coatings': HVOF, плазм;https://www.hitemco.com/;sales@hitemco.com;+1 516 752 7882;;;
СЕГМЕНТ 3 — Покрытия горячей части (TBC / MCrAlY / диффузионные);;Chromalloy Gas Turbine LLC;США / Великобритания / Нидерланды / Таиланд / Мексика;Крупнейший независимый производитель PMA-деталей газового тракта и подрядчик по продвинутым ремонтам и покрытиям для ГТУ. Отдельное направле;https://www.chromalloy.com/;не найдено (форма обратной связи + именные формы менеджеров);"+1 561 935 3571 (HQ); +44 141 945 7000 (Glasgow); +1 813 885 4781 (литейный центр Tampa)";;;
СЕГМЕНТ 3 — Покрытия горячей части (TBC / MCrAlY / диффузионные);;Oerlikon Metco;Швейцария / Китай / глобально;Мировой стандарт по материалам для термобарьерных покрытий (YSZ) и MCrAlY-порошкам плюс собственная сеть Coating Services, куда можно отдать;https://www.oerlikon.com/metco/en/products-services/coating-services/;;+86 139 1859 0845 (Shanghai);;;
СЕГМЕНТ 3 — Покрытия горячей части (TBC / MCrAlY / диффузионные);;HODEN SEIMITSU KAKO KENKYUSHO CO., LTD. (HSK);Япония;Профильный японский поставщик деталей промышленных ГТУ: электроэрозионная и электрохимическая обработка (EDM/ECM) — то есть охлаждающие отве;https://www.hsk.co.jp/en/;не найдено (только форма Contact Us на сайте);+81-45-277-0330 (головной офис), факс +81-45-565-9177;;;
СЕГМЕНТ 3 — Покрытия горячей части (TBC / MCrAlY / диффузионные);;TOCALO Co., Ltd. (トーカロ株式会社);Япония / Китай;Крупнейший в Японии универсальный подрядчик по термическому напылению, работающий именно как job shop (детали заказчика). Технологический на;https://www.tocalo.co.jp/english/;не найдено (только форма /contact/technical/);"+81 78 303 3433 (HQ Kobe); +86 20 8298 6789 (завод в Гуанчжоу)";;;
СЕГМЕНТ 4 — Материалы (лист/пруток/поковки Hastelloy X, Nimonic 263);★;Wuxi Turbine Blade Co., Ltd. (WTB, 无锡透平叶片有限公司);Китай;"Крупнейший в КНР производитель лопаток энергетических турбин, включая ГТУ; дочерняя компания Shanghai Prime Machinery (Shanghai Electric). П";https://www.turblade.com;marketing@turblade.com;+86-510-85764673;;;
СЕГМЕНТ 4 — Материалы (лист/пруток/поковки Hastelloy X, Nimonic 263);•;NeoNickel (NeoNickel Ltd);Великобритания;Держит на складе именно те марки и толщины, из которых делаются листовые детали горячего тракта, и сам сайт называет применения дословно тем;https://www.neonickel.com;не найдено (адреса на сайте скрыты защитой от парсинга);"+44 (0)1254 582 999 (Blackburn); +44 (0)1384 282 400 (Kingswinford); +44 (0)1908 275 700 (Milton Keynes)";;;
СЕГМЕНТ 4 — Материалы (лист/пруток/поковки Hastelloy X, Nimonic 263);•;VDM Metals GmbH;Германия;Европейский аналог Haynes: даёт полный набор листовых материалов горячего тракта под SGT-линейку — VDM Alloy X (2.4665 / N06002 / Nicrofer 4;https://vdm-metals.com;vdm@vdm-metals.com;;;;
СЕГМЕНТ 4 — Материалы (лист/пруток/поковки Hastelloy X, Nimonic 263);•;Bharat Forge Ltd. (Kalyani Group);Индия;Строит первый в Индии частный комплекс ремонта и капремонта газовых турбин. В составе первой очереди прямо заявлено ВОССТАНОВЛЕНИЕ ГОРЯЧЕЙ Ч;https://www.bharatforge.com;;;;;
СЕГМЕНТ 4 — Материалы (лист/пруток/поковки Hastelloy X, Nimonic 263);•;Danyang HB Special Alloy Co., Ltd. (丹阳恒博特种合金有限公司, HB-NICKEL ALLOY);Китай;Материальная база под ЖАРОВЫЕ ТРУБЫ И КАМЕРУ СГОРАНИЯ: держит Hastelloy X, Inconel 617/625/718, Incoloy, Nimonic, Monel в листе/полосе/прутк;https://www.hb-specialalloy.com / http://www.hb-nickelalloy.com;richie@hb-specialalloy.com;+86-180-52779885;;;
СЕГМЕНТ 4 — Материалы (лист/пруток/поковки Hastelloy X, Nimonic 263);•;Wuxi Paike New Materials Technology Co., Ltd. (无锡派克新材料科技股份有限公司, SSE 605123);Китай;Закрывает поковочную часть локализации, которой нет у литеек: раскатные кольца, корпуса/обечайки, диски, фланцы из жаропрочных никелевых спл;http://www.wuxipaike.com;;;;;
СЕГМЕНТ 4 — Материалы (лист/пруток/поковки Hastelloy X, Nimonic 263);•;Jiangsu Longda Superalloy Co., Ltd. (江苏隆达超合金股份有限公司, SSE 688231);Китай;Не изготовитель деталей, а поставщик СЫРЬЯ для локализации: вакуумно-выплавленные никелевые жаропрочные мастер-сплавы и полуфабрикаты, из ко;https://www.wxlongda.com;;;;;
СЕГМЕНТ 4 — Материалы (лист/пруток/поковки Hastelloy X, Nimonic 263);•;Haynes International, Inc.;США;Первоисточник марок HASTELLOY X (N06002) и HAYNES 230 (N06230) — именно тех листовых сплавов, из которых сваривают жаровые трубы (combustion;https://haynesintl.com;;"+1 765-456-6012; +1 800-354-0806 (sales)";;;
СЕГМЕНТ 4 — Материалы (лист/пруток/поковки Hastelloy X, Nimonic 263);•;Rolled Alloys, Inc.;США;Складской поставщик Alloy X (Hastelloy X) и Alloy 230 (Haynes 230) в листе и плите, у которого в карточках товара применения указаны прямо: ;https://www.rolledalloys.com;"onlinesales@rolledalloys.com; help-tech@rolledalloys.com (металлургическая техподдержка)";"+1 800-521-0332; местный +1 419-330-8555";;;
СЕГМЕНТ 4 — Материалы (лист/пруток/поковки Hastelloy X, Nimonic 263);•;Special Metals Corporation / Special Metals Wiggin Ltd (группа PCC);США / Великобритания;"Владелец и первоисточник марки NIMONIC 263 — сплава, специально созданного как ЛИСТОВОЙ материал для сварных камер сгорания газовых турбин; ";https://www.specialmetals.com;;"+1 304 526-5100; +1 800 334-4626 (Huntington, WV); +44 (0)1432 382200 (Wiggin, Hereford)";;;
СЕГМЕНТ 4 — Материалы (лист/пруток/поковки Hastelloy X, Nimonic 263);;Nippon Yakin Kogyo Co., Ltd. (日本冶金工業);Япония;Японский источник листа-аналога Hastelloy X: марка NASHX соответствует UNS N06002. В линейке жаропрочных также NASH38X (N08120), NAS600 (N06;https://www.nyk.co.jp/en/;не найдено (только веб-форма запроса);+81-3-3272-1511 (факс +81-3-3272-1800);;;
СЕГМЕНТ 5 — Независимые OEM-альтернативы и MRO горячего тракта;★;BHEL-GE Gas Turbine Services Pvt. Ltd. (BGGTS);Индия;Крупнейший в Индии цех ремонта горячей части ГТУ. Прямо заявленные компетенции: ремонт камер сгорания — жаровые трубы (combustion liners), T;https://www.bggts.com;Devashish.Sarmacharjee@gevernova.com;"+91 40 40640159; +91 9000553827; завод +91 40 30854111";;;
СЕГМЕНТ 5 — Независимые OEM-альтернативы и MRO горячего тракта;★;BVPL Turbine Parts (Bangalore Vishwakarma / BVPL);Индия;Серийно изготавливает горячую часть промышленных ГТУ: бандажные кольца/обоймы (industrial gas turbine shrouds), сегменты бандажа (shroud sho;https://bvplturbineparts.com;"bvpl@bvplturbineparts.com; thanmai@bvplturbineparts.com";"+91 80 4117 1206; +91 73495 36275";;;
СЕГМЕНТ 5 — Независимые OEM-альтернативы и MRO горячего тракта;★;Mishra Dhatu Nigam Limited (MIDHANI);Индия;Наиболее реалистичный неевропейский источник самого листа под локализацию: MIDHANI серийно катает аналоги Hastelloy X и Nimonic 263 под собс;https://midhani-india.in;mktg@midhani-india.in;"+91-40-24184000; бизнес-запросы +91-40-24184547 / +91-40-2956 8519";;;
СЕГМЕНТ 5 — Независимые OEM-альтернативы и MRO горячего тракта;★;江苏图南合金股份有限公司 (Jiangsu Toland Alloy Co., Ltd.);Китай;Производит литейные жаропрочные сплавы (铸造高温合金) и изделия из них, а также деформируемые жаропрочные сплавы и спецнержавейку. Литейные жаропр;https://www.toland-alloy.com/;toland@toland-alloy.com;+86-511-86165566 (факс +86-511-86165938);;;
СЕГМЕНТ 5 — Независимые OEM-альтернативы и MRO горячего тракта;★;TFS Turbine Field Solutions S.A. de C.V. (TFS Corp);Мексика;Ключевой игрок сегмента. На сайте в перечне обслуживаемых машин прямо указаны Siemens SGT-300 и SGT-400, плюс Solar Saturn 20 / Centaur 40 /;https://www.tfscorp.com.mx/;comercial@tfscorp.com.mx;"+52 229 989 3793; филиал Колумбия: +57 601 426 2000";;;
СЕГМЕНТ 5 — Независимые OEM-альтернативы и MRO горячего тракта;•;Turbine Group S.A.;Аргентина;Профильный независимый сервис ГТУ и ПТ с 1995 г. в нефтегазовом центре Аргентины (Вака-Муэрта). Заявляют прямо по горячей части: 'Inspección;https://www.turbinegroup.com.ar/;info@turbinegroup.com.ar;"+54 299 430 6857 (офис); +54 299 442 9077 (цех); WhatsApp +54 9 297 247 4765";;;
СЕГМЕНТ 5 — Независимые OEM-альтернативы и MRO горячего тракта;•;TEMISA (Turbinas y Máquinas Industriales);Аргентина;Единственная найденная в Аргентине компания, которая ПРЯМО перечисляет Ruston в списке поддерживаемых производителей турбин — а Ruston это п;http://www.temisa.com.ar/;;;;;
СЕГМЕНТ 5 — Независимые OEM-альтернативы и MRO горячего тракта;•;Multiflow Indústria e Comércio (MPI Technology);Бразилия;23 года на рынке, позиционируются как 'референс в Бразилии по ремонту газовых турбин'. В описании работ прямо фигурирует секция камеры сгора;https://www.multiflow.com.br/reparo-turbina-gas;multiflow@multiflow.com.br;+55 16 3797-7502;;;
СЕГМЕНТ 5 — Независимые OEM-альтернативы и MRO горячего тракта;•;"TurboPre Services, C.A. (+ TurboPre Services S. de R.L. de C.V., Мексика; TurboPre Corporation, Панама)";Венесуэла (штаб) / Мексика / Панама;"Опыт с 1973 г.; один из основных подрядчиков по ремонту, обслуживанию и специализированной техподдержке ГАЗОВЫХ турбин мощностью до 180 МВт ";https://turbopreservices.com/;ventas@turbopreservices.com;+58 261 817 0100;;;
СЕГМЕНТ 5 — Независимые OEM-альтернативы и MRO горячего тракта;•;EMC — Egyptian Maintenance Company (for Petroleum Services);Египет;Крупнейший египетский независимый подрядчик по обслуживанию нефтегазового и энергетического оборудования (осн. 1997): сервис турбин и вращаю;https://www.emceg.com/;business.development@emceg.com;+20 2 2618 9999;;;
СЕГМЕНТ 5 — Независимые OEM-альтернативы и MRO горячего тракта;•;Mestek India;Индия;Специализированный поставщик ЗИП именно для промышленных ГТУ, тяжёлых и лёгких. Каталог включает компоненты камеры сгорания: cross fire tube;https://mestekindia.com;"enquiries@mestekindia.com; sanjay@mestekindia.com; kapil@mestekindia.com; raghav@mestekindia.com";+91 11 45531065 / 45531075;;;
СЕГМЕНТ 5 — Независимые OEM-альтернативы и MRO горячего тракта;•;Modus Turbo Machineering Pvt. Ltd. (MTMPL);Индия;Независимый подрядчик по ремонту, поставке сменных деталей и полному капремонту/обслуживанию промышленных ГТУ — как heavy duty, так и LIGHT ;https://www.mtmpl.com;не найдено (на сайте только форма);+91 80476 34635 (номер маршрутизации IndiaMART);;;
СЕГМЕНТ 5 — Независимые OEM-альтернативы и MRO горячего тракта;•;ТОО «Alash Energy Solutions» (Alensol);Казахстан;"На сайте прямо фигурируют модели SGT-400, SGT-100, SGT-200 и компоненты — камеры сгорания и горелки; заявлен опыт ТО и инспекций турбин SGT-";https://alensol.kz;too.alensol@gmail.com;+7 (701) 520-08-90;;;
СЕГМЕНТ 5 — Независимые OEM-альтернативы и MRO горячего тракта;•;Turbomáquinas, S.A. de C.V.;Мексика;Изготовление компонентов турбин и компрессоров по реверс-инжинирингу с химическим анализом материала — то есть способны воспроизвести деталь;https://turbomaquinas.com/;ventas@turbomaquinas.com;"+52 352 522 0820; 1-800-7135-300";;;
СЕГМЕНТ 5 — Независимые OEM-альтернативы и MRO горячего тракта;•;Sanad Powertech (ранее Turbine Services & Solutions Industrial, TS&S);ОАЭ;Крупнейший в регионе независимый MRO по промышленным ГТУ и вращающемуся оборудованию для нефтегаза и энергетики UAE/MENA. Услуги: MRO, ремон;https://www.sanad.ae/;;;;;
СЕГМЕНТ 5 — Независимые OEM-альтернативы и MRO горячего тракта;•;Technoparts LLC (Technoparts Hardware LLC);ОАЭ;Специализация прямо заявлена по трём OEM: General Electric, Siemens, Ruston (Ruston — прямой предок линейки SGT-400/Cyclone). Номенклатура: ;https://www.technopartsllc.com/;"tpl@technopartsllc.com; Sales@technopartsllc.com; Hassan@technopartsllc.com";"+971 2 550 1052; хотлайн +971 50 137 7131";;;
СЕГМЕНТ 5 — Независимые OEM-альтернативы и MRO горячего тракта;•;Wirturbo;ОАЭ;Заявленная мощность по капремонту ГТУ прямо включает SGT-100, SGT-200, SGT-300, SGT-400, SGT-600, SGT-800, а также Rustons, Centaur, T60, RR;https://wirturbo.com/;;"+971 54 796 8268; +971 4 828 2255";;;
СЕГМЕНТ 5 — Независимые OEM-альтернативы и MRO горячего тракта;•;KAFOU Technical Services Co. Ltd (KTS);Саудовская Аравия;Единственный найденный саудовский независимый сервис с собственной мастерской (500 м², Khudariah, Даммам), который прямо заявляет инспекцию ;https://www.ktsco.com.sa/;info@ktsco.com.sa;+966 13 882 5067;;;
СЕГМЕНТ 5 — Независимые OEM-альтернативы и MRO горячего тракта;•;Matrix TurboGen Pte. Ltd.;Сингапур;Поставка компонентов горячей и холодной части ГТУ: «blades, vanes, liner, and hot-gas casings», а также «Combustion Chambers, Vanes and Blad;https://matrixturbogen.com/;Contact@MatrixTurboGen.com (адрес восстановлен из Cloudflare-обфускации на страницах сайта);+65 8606 2175;;;
СЕГМЕНТ 5 — Независимые OEM-альтернативы и MRO горячего тракта;•;EGAT Diamond Service Co., Ltd. (EDS);Таиланд;Специализированный цех ремонта и восстановления деталей горячего тракта ГТУ: combustor basket (жаровая труба/корзина камеры сгорания), trans;https://www.egatdiamond.co.th/;egatdiamondservice@egatdiamond.co.th;+66 2-529-0800;;;
СЕГМЕНТ 5 — Независимые OEM-альтернативы и MRO горячего тракта;•;BNC Enerji San. ve Tic. Ltd. Şti.;Турция;Из всех найденных турецких сервисов наиболее детально описывает работы именно по камере сгорания: визуальная инспекция и обслуживание камер ;https://www.bncenerji.com/hizmetlerimiz/gaz-turbini-generator-bakimi/;"info@bncenerji.com; cemalbinici@bncenerji.com";+90 533 545 1922;;;
СЕГМЕНТ 5 — Независимые OEM-альтернативы и MRO горячего тракта;•;Türbin Bakım San. Ltd. Şti.;Турция;Профильный турецкий сервис по ремонту газовых турбин и компрессоров. Инженерная поддержка прямо по Ruston TA и TB — то есть по рустоновскому;https://turbinbakim.com/;Bulent@turbinbakim.com;+90 212 283 0600;;;
СЕГМЕНТ 5 — Независимые OEM-альтернативы и MRO горячего тракта;•;Gas Turbines Services del Ecuador S.A. (TURBIECSA);Эквадор;Независимая компания (с 2019 г. в текущем составе), акционеры и руководство — выходцы из эксплуатации и обслуживания электростанций, переори;https://turbiecsa.com/;;;;;
СЕГМЕНТ 5 — Независимые OEM-альтернативы и MRO горячего тракта;;ASH Precision Engineering Ltd;Великобритания;Заявленное покрытие ровно по нашей линейке: Siemens SGT-100, SGT-200, SGT-400, SGT-500, SGT-600, SGT-800 и Ruston TA, TB, TD. Делают afterma;https://www.ashprecision.co.uk;"sales@ashprecision.co.uk; eng@ashprecision.co.uk";+44 7717 077441;;;
СЕГМЕНТ 5 — Независимые OEM-альтернативы и MRO горячего тракта;;Turbinetech GmbH;Германия;Делает «equivalent parts» (неоригинальные аналоги) для горячей части ГТУ: combustion liners, transition pieces, hot gas path components. В м;https://turbinetech.de;info@turbinetech.de;+49 2157 1265132;;;
СЕГМЕНТ 5 — Независимые OEM-альтернативы и MRO горячего тракта;;GT S.r.l. (Gabriele Tuzi);Италия;Заявленная номенклатура прямо покрывает горячую часть: combustion liners, transition pieces, combustion chambers, seal rings, FLAME TUBES (ж;https://www.gabrieletuzi.com;"request@gabrieletuzi.com; engineering@gabrieletuzi.com";+39 339 831 9822;;;
СЕГМЕНТ 5 — Независимые OEM-альтернативы и MRO горячего тракта;;PowerTech (Turbine Parts) B.V.;Нидерланды;Специализация именно на малых/средних промышленных ГТУ Siemens. По SGT-600 заявляют ПОЛНУЮ номенклатуру, включая камеры сгорания (combustion;https://powertechnl.com;info@powertechnl.com;+31 6 53 35 78 87;;;
СЕГМЕНТ 5 — Независимые OEM-альтернативы и MRO горячего тракта;;Industrial Turbine Services s.r.l. (ITS Parts);Румыния;Явно заявляет линейку Siemens/Ruston: TA Series, TB Series, TYPHOON (SGT-100), TORNADO (SGT-200), TEMPEST, CYCLONE (SGT-400) — то есть ровно;https://www.its-parts.com;sales@its-parts.com;+40 721 696 626 (также WhatsApp);;;
СЕГМЕНТ 5 — Независимые OEM-альтернативы и MRO горячего тракта;;Advanced Turbine Solutions, LLC (ATS);США;Ремонт, изготовление и поставка деталей промышленных ГТУ. На складе и в производстве: топливные форсунки (Fuel Nozzles), transition pieces (;https://atshouston.com;не найдено (только форма на /contact-us-2/);+1 (281) 452-2441;;;
СЕГМЕНТ 5 — Независимые OEM-альтернативы и MRO горячего тракта;;Allied Power Group, LLC (APG);США;Один из немногих независимых от OEM игроков, кто НЕ ремонтирует, а именно ИЗГОТАВЛИВАЕТ новые листовые детали камеры сгорания — combustion l;https://alliedpg.com;sales@alliedpg.com;+1 281-444-3535;;;
СЕГМЕНТ 5 — Независимые OEM-альтернативы и MRO горячего тракта;;GLM Energy Systems, LLC;США;Полный капремонт и обмен по линейке Ruston, предшественнику SGT-100/200: TB5000, TA1750, Tornado — «full gas generator and PT rebuilds», re-;https://www.glmenergyllc.com;contacts@glmenergyllc.com;"+1 907-283-7556; бесплатный +1 866-247-1061";;;
СЕГМЕНТ 5 — Независимые OEM-альтернативы и MRO горячего тракта;;J. F. Mullen Co., Inc. (James F. Mullen Company);США;Профильный контрактный изготовитель именно тех типов деталей, что нужны по SGT-400: на сайте отдельные разделы каталога «COMBUSTION LINERS» ;https://www.jfmullen.com;"rich@jfmullen.net (продажи); john@jfmullen.net (производство); B.Payne@jfmullen.net (качество)";"+1 978-346-0045; моб. +1 (508) 789-9791";;;
СЕГМЕНТ 5 — Независимые OEM-альтернативы и MRO горячего тракта;;MD&A — Mechanical Dynamics & Analysis, LLC (MD&A Turbines);США;Позиционируется как «full-service OEM-alternative» по газовым турбинам. Каталог комбустионных деталей включает end caps, combustion liners, ;https://www.mdaturbines.com;Info@MDAturbines.com;"+1 (518) 399-3616; факс +1 (518) 399-3929";;;
СЕГМЕНТ 5 — Независимые OEM-альтернативы и MRO горячего тракта;;Turbine Services, Ltd. (TSL) — ВНИМАНИЕ: с мая 2025 в составе EthosEnergy;США;Пионер рынка non-OEM ЗИП для ГТУ с 1972 г., крупнейший в США полнономенклатурный поставщик деталей к турбинам GE. В каталоге по Westinghouse;https://www.turbineservices.com;sales@turbineservices.com;+1 518.583.6191;;;
СЕГМЕНТ 5 — Независимые OEM-альтернативы и MRO горячего тракта;;Patented Systems, Inc. (PSI);США (полевые работы по Латинской Америке: Аргентина, Эквадор, Мексика, Венесуэла);Самый прямой попадающий в линейку производитель aftermarket-деталей для Ruston Gas Turbines — прямых предков SGT-100/200/300/400. Специализа;https://patented-systems.com/;"psi@patented-systems.com; info@patented-systems.com";+1 281 352 8588 (факс +1 501 694 3080);;;
СЕГМЕНТ 5 — Независимые OEM-альтернативы и MRO горячего тракта;;Barnes Aerospace (подразделение Barnes Group Inc.);США / Великобритания / Польша / Сингапур;Профильная компетенция — «complex fabrications», то есть именно сварные листовые узлы горячего тракта, причём площадка Lansing прямо заявлен;https://barnesaero.com;не найдено (только веб-форма);"+1 860 583 7070 (HQ Windsor CT); +1 517 393 5110 (Lansing MI); +1 801 917 2000 (Ogden UT)";;;
СЕГМЕНТ 5 — Независимые OEM-альтернативы и MRO горячего тракта;;RTP POWER SE;Чехия;Прямое попадание по линейке: заявляет поставку ЗИП для Siemens SGT-100, SGT-200, SGT-300, SGT-400 и «Ruston-designed turbines», а также West;https://rtppower.com;sales@rtppower.com;;;;
СЕГМЕНТ 6 — Трейдеры, брокеры и каналы завоза (ОАЭ/Турция/Казахстан, б/у);★;MSR Industrade Pvt. Ltd. (MSRI Trade);Индия;Прямое попадание в линейку. Официально заявляет поставку ЗИП для SGT-100/200/300/400 (бывш. Ruston Typhoon, Tornado, Tempest, Cyclone). По S;https://msritrade.com;"rvp@msritrade.com; venkateshprasad.raahul@gmail.com";"+91 120 4102955; +91 120 4125991; +91 9971889552";;;
СЕГМЕНТ 6 — Трейдеры, брокеры и каналы завоза (ОАЭ/Турция/Казахстан, б/у);★;ANATCO LLC;ОАЭ;Прямо заявляет поставку ЗИП по всей линейке Siemens: SGT-100, SGT-200, SGT-300, SGT-400 (13 МВт), SGT-500, SGT-600, SGT-700, SGT-750, SGT-80;https://www.anatco.ae/gas.php;salesdxb@anatco.ae;+971 4 3455799;;;
СЕГМЕНТ 6 — Трейдеры, брокеры и каналы завоза (ОАЭ/Турция/Казахстан, б/у);★;International Energy Resources FZCO (IER);ОАЭ;Независимый aftermarket-поставщик запчастей, core engines и модулей ГТУ. Прямо заявлена специализация по light industrial и aeroderivative Г;https://ierfzco.com/;sales@ierfzco.com;+971 4 883 0770;;;
СЕГМЕНТ 6 — Трейдеры, брокеры и каналы завоза (ОАЭ/Турция/Казахстан, б/у);★;USP&E Global (US Power & Environment);ЮАР / США / ОАЭ;Держит инвентарь б/у газовых турбин, где прямо указаны Siemens SGT-300, SGT-400, SGT-600 наряду с GE LM2500/TM2500/Frame 5-9. Есть отдельная;https://uspeglobal.com (альт. домен https://newgasturbines.com);"info@uspeglobal.com; общая почта info@uspowerco.com";"+27 10 822 2324; +1 612-803-8112";;;
СЕГМЕНТ 6 — Трейдеры, брокеры и каналы завоза (ОАЭ/Турция/Казахстан, б/у);•;Laujir India LLP;Индия;Заявляет поставку деталей камеры сгорания (combustion system parts), лопаток компрессора и турбины, СОПЛОВЫХ АППАРАТОВ и направляющих лопато;https://www.laujirindia.in;не найдено (только онлайн-форма запроса);+91 8088144983 (WhatsApp);;;
СЕГМЕНТ 6 — Трейдеры, брокеры и каналы завоза (ОАЭ/Турция/Казахстан, б/у);•;Precision Asset Solutions Pvt. Ltd. (PASPL);Индия;Заявляет поставку по всей Индии компонентов горячей части и камеры сгорания для Siemens и GE: жаровые трубы (combustion liners), transition ;https://precisionasset.in;info@precisionasset.in;"+91 96674 22319; +91 124 4506567";;;
СЕГМЕНТ 6 — Трейдеры, брокеры и каналы завоза (ОАЭ/Турция/Казахстан, б/у);•;Grupo ATM / Andina Turbomecánica (ATM Gas Natural S.A.S., Andina Turbomecánica SpA);Колумбия (+ Чили);Поставка запчастей и сервис для газовых турбин: основная специализация — GE FR3/FR5/FR6/FR9, PGT5, PGT10 в открытом и комбинированном цикле,;https://www.andinatm.com/;info@australtm.com;;;;
СЕГМЕНТ 6 — Трейдеры, брокеры и каналы завоза (ОАЭ/Турция/Казахстан, б/у);•;TurboCORE Dynamics Sdn. Bhd.;Малайзия;"Заявленный портфель по ГТУ: ремонт компонентов, восстановление горячей секции (hot section refurbishments) и торговля запчастями; плюс компр";http://turbocoredynamics.com/;sales@turbocoredynamics.com;+60 3-7733 4921;;;
СЕГМЕНТ 6 — Трейдеры, брокеры и каналы завоза (ОАЭ/Турция/Казахстан, б/у);•;EnergyZone FZCO;ОАЭ;Торгует новыми, неиспользованными, б-у и восстановленными пакетами ГТУ, двигателями и капитальными частями. В каталоге Siemens явно выделена;https://www.energyzonefzco.com/;;;;;
СЕГМЕНТ 6 — Трейдеры, брокеры и каналы завоза (ОАЭ/Турция/Казахстан, б/у);•;Unisys Middle East & Africa FZE (Unisys Group);ОАЭ;"Поставляют горячую часть ГТУ: turbine blades, turbine nozzles, combustion liners, transition pieces, fuel nozzles, turbine seals; предлагают";https://unisysgroup.ae/gas-turbine-trading-and-services;sales@unisysgroup.ae;+971 6 8814801;;;
СЕГМЕНТ 6 — Трейдеры, брокеры и каналы завоза (ОАЭ/Турция/Казахстан, б/у);•;ReflowX;ОАЭ;Маркетплейс излишков и нового оборудования энергетического сектора: газовые турбины, генераторы, котлы, трубная продукция, арматура. В листи;https://www.reflowx.com;info@reflowx.com;"+971 50 955 8356 (WhatsApp); +971 50 384 6311";;;
СЕГМЕНТ 6 — Трейдеры, брокеры и каналы завоза (ОАЭ/Турция/Казахстан, б/у);•;ADN Global (ADN Limited Şirketi);Турция;"В разделе «Gas Turbines Spare Parts» прямо указаны Siemens Energy SGT-400 (12,9 МВт), SGT-300 (7,9–9,1 МВт) и SGT-500 (быв. GT35); заявлены ";https://www.adn-global.com;"info@adn-global.com; Дубай: sales@tradeglobal.ea";"+90 232 400 15 15; Баку +994 50 572 44 94; Дубай +971 54 237 3138";;;
СЕГМЕНТ 6 — Трейдеры, брокеры и каналы завоза (ОАЭ/Турция/Казахстан, б/у);•;FLOWDY (플로디);Южная Корея;Специалист по не-OEM лопаткам и вейнам ГТУ и ПТ через реверс-инжиниринг: изготавливают компрессорные лопатки и вейны (W501D5, GE 7EA/7FA/7FA;http://flowdy.co.kr/;flowdy7@gmail.com;+82-10-4943-6805;;;
СЕГМЕНТ 6 — Трейдеры, брокеры и каналы завоза (ОАЭ/Турция/Казахстан, б/у);;Gas Turbine Resources S.L. (GTR);Испания / Великобритания;Специализация прямо по линейке: «Specializing in Gas Turbine Engine, SGT200, TB5000/5400». Есть Gas Turbine Lease Engine Fleet — «engine mod;https://gasturbineresources.com;sales@gasturbineresources.com;"+34 931 352 544; +34 620 194 730; UK +44 7743 885 068";;;
СЕГМЕНТ 6 — Трейдеры, брокеры и каналы завоза (ОАЭ/Турция/Казахстан, б/у);;Industrial Marine Power (IMP);США;Живая доска объявлений, где реально ходят запросы и предложения ровно по нашей теме: заявка на 17 позиций ЗИП Siemens SGT-400, включая burne;https://www.industrialmarinepower.com;;+1 954 933 8501;;;
СЕГМЕНТ 6 — Трейдеры, брокеры и каналы завоза (ОАЭ/Турция/Казахстан, б/у);;FOQ Inventory (Free Oilfield Quote);США;Площадка излишков с конкретными лотами SGT-400: «SGT-400 Industrial Gas Turbine with Power Generation» — 2013 г.в., ~11 000 моточасов, s/n M;https://inventory.freeoilfieldquote.com;не найдено (адрес скрыт защитой Cloudflare email-protection);+1 844-475-2060;;;
СЕГМЕНТ 6 — Трейдеры, брокеры и каналы завоза (ОАЭ/Турция/Казахстан, б/у);;Resource Management Associates Inc. (RMA) — площадки PowerPlantsOnline.com и UtilityWarehouse.com;США;"Брокер комплектных станций и турбоагрегатов; в перечне предлагаемого оборудования прямо указаны Siemens SGT-600, SGT-400, SGT-300 (рядом с G";https://powerplantsonline.com (каталог станций также на https://www.utilitywarehouse.com/info1/powerplantc.html);"milt@rmaglobal.com; sales@rmaglobal.com; lane@rmaglobal.com";"+1 503-351-9898 (Milt Fyre); +1 503-803-2029 (Lane Kadel)";;;
СЕГМЕНТ 6 — Трейдеры, брокеры и каналы завоза (ОАЭ/Турция/Казахстан, б/у);;Salvex Group, Inc.;США;Крупнейшая мировая площадка излишков и активов после вывода/остановки объектов. Через неё реально проходили лоты по SGT-400: лот «Siemens SG;https://www.salvex.com;sales@salvex.com;+1 713-229-9000;;;
СЕГМЕНТ 6 — Трейдеры, брокеры и каналы завоза (ОАЭ/Турция/Казахстан, б/у);;Kitmondo (группа Exapro);Чехия;Международная площадка б/у оборудования с реальными лотами по линейке SGT: на момент проверки размещено «SIEMENS SGT400 gas turbine, Low wor;https://www.kitmondo.com;не найдено (только форма обратной связи на /contact-kitmondo/);;;;
СЕГМЕНТ 7 — РФ/СНГ: сервис, покрытия, реверс-инжиниринг;•;СП ООО «Сервисный Центр UNGM-DR»;Узбекистан;Совместное предприятие с собственной ремонтной базой: комплексное ТО и ремонт компрессорного, насосного и турбинного оборудования, изготовле;http://www.ungm-dr.uz;info@ungm-dr.uz;"+998 (70) 183-23-63; +998 (77) 079-39-08; +998 (77) 079-39-03";;;
СЕГМЕНТ 7 — РФ/СНГ: сервис, покрытия, реверс-инжиниринг;;ООО «АМКОР ГМБХ» (AMCOR);Россия;Прямо заявляет работу по линейке Siemens SGT, включая капремонт SGT-400 и сервис горячей части SGT-600 (осмотр жаровых труб, сопловых аппара;https://amcor.ru (раздел amcor.ru/siemens-4);info@amcor.ru;+7 (800) 551-28-44;;;
СЕГМЕНТ 7 — РФ/СНГ: сервис, покрытия, реверс-инжиниринг;;ООО «ГЭХ Сервис газовых турбин» (ГЭХ СГТ);Россия;"Инжиниринговая компания по сервису ГТУ; на сайте заявлен «заводской ремонт компонентов газовых турбин» и позиционирование как замена ушедших";https://www.geh-sgt.ru;office@geh-sgt.ru;+7 (495) 510-43-57;;;
СЕГМЕНТ 7 — РФ/СНГ: сервис, покрытия, реверс-инжиниринг;;ООО «Газ Турбайн Сервисез» (Gas Turbine Services);Россия;Обслуживает малую линейку Siemens — на сайте названы SGT-100 и SGT-200 (родственные SGT-400 по конструктиву Ruston/Alstom), а также GE и Sol;https://gtservices.ru;info@gtservices.ru;+7 (912) 790-27-16;;;
СЕГМЕНТ 7 — РФ/СНГ: сервис, покрытия, реверс-инжиниринг;;ООО «МС Системы Энергетика» (MC Energy);Россия;На сайте прямо перечислена вся линейка Siemens SGT-100 / 200 / 300 / 400 / 600 / 800 как обслуживаемое оборудование, плюс GE (LM1600/2500/60;https://mcenergy.ru;;+7 (499) 500-27-43, +7 (499) 500-27-45, +7 (499) 500-27-47;;;
СЕГМЕНТ 7 — РФ/СНГ: сервис, покрытия, реверс-инжиниринг;;ООО «Производственное предприятие Турбинаспецсервис» (Turbinaspetsservice);Россия;Профильный ремонтник горячей части ГТД: на сайте отдельные разделы «Ремонт лопаток газовых турбин» и «Ремонт элементов камеры сгорания», а т;https://turbinass.ru;info@turbinass.ru;+7 (347) 292-76-18;;;
СЕГМЕНТ 7 — РФ/СНГ: сервис, покрытия, реверс-инжиниринг;;ООО «СТС» — «Сахалин Турбина Сервис»;Россия;Реальный опыт по линейке SGT: на сайте указано обслуживание ГТУ SGT-600 (для «Газпром трансгаз Ухта» и Росатома), капремонты GE MS5001PA, ра;http://www.turbineservice.ru;office@turbineservice.ru;8-800-250-89-44;;;
СЕГМЕНТ 7 — РФ/СНГ: сервис, покрытия, реверс-инжиниринг;;ООО «Современные технологии газовых турбин» (СТГТ, бывш. «Сименс Технологии Газовых Турбин»);Россия;"Бывший завод Siemens в России, выкуплен ПАО «Интер РАО» в 2022 г. Сохранил производство и сервис газовых турбин; в описании — производство к";https://mgtt.ru;contact@mgtt.ru;+7 (812) 643-73-00;;;
СЕГМЕНТ 7 — РФ/СНГ: сервис, покрытия, реверс-инжиниринг;;ООО «Технологические системы защитных покрытий» (ТСЗП / TSPC);Россия;Профильный подрядчик по покрытиям деталей горячего тракта: термобарьерные покрытия (TBC), плазменное напыление APS, лазерная наплавка, полны;https://www.tspc.ru;info@tspc.ru;+7 (495) 136-41-41;;;
СЕГМЕНТ 7 — РФ/СНГ: сервис, покрытия, реверс-инжиниринг;;ООО «УК «КЭР-Холдинг» (KER-Holding, бренд KR Gas Turbine);Россия;Специализация — ремонт и обслуживание ГТУ мощностью ДО 50 МВт ведущих мировых производителей, в т.ч. Siemens Energy, Solar, GE, MAN. SGT-400;https://krgasturbine.ru;office@ker-holding.ru;+7 (843) 572-09-99;;;
СЕГМЕНТ 7 — РФ/СНГ: сервис, покрытия, реверс-инжиниринг;;Завод «Турбодеталь» (в составе АО «Газэнергосервис», Газпром энергохолдинг);Россия;Единственный найденный в РФ профильный производитель именно номенклатуры горячей части: в перечне продукции завода — камеры сгорания, жаровы;https://www.turbonara.ru (завод) / https://www.gesturbo.ru (АО «Газэнергосервис»);"turbo@turbonara.ru; adm@gesturbo.ru";"+7 (4832) 66-82-02 (завод); +7 (495) 259-06-10 (АО «Газэнергосервис», Москва)";;;
